node_1|node_2|chunk_id|edge|count
56 genes|adenine stimulation|4d4cb55dfed145eeb3da4a9000f8e932,4d4cb55dfed145eeb3da4a9000f8e932|contextual proximity|2
56 genes|purr|4d4cb55dfed145eeb3da4a9000f8e932,4d4cb55dfed145eeb3da4a9000f8e932,4d4cb55dfed145eeb3da4a9000f8e932|contextual proximity|3
696 c-terminal amino acid residues|sp1 (human)|3b73e1dadba44beca928325644c6a7ed,3b73e1dadba44beca928325644c6a7ed|contextual proximity|2
696 c-terminal amino acid residues|sp1 (human) (c-terminal 168 amino acid residues)|3b73e1dadba44beca928325644c6a7ed,3b73e1dadba44beca928325644c6a7ed|contextual proximity|2
adenine stimulation|56 genes|4d4cb55dfed145eeb3da4a9000f8e932,4d4cb55dfed145eeb3da4a9000f8e932|contextual proximity|2
adenine stimulation|e. coli strain lacking the purr gene|4d4cb55dfed145eeb3da4a9000f8e932,4d4cb55dfed145eeb3da4a9000f8e932|contextual proximity|2
adenine stimulation|functions and size|4d4cb55dfed145eeb3da4a9000f8e932,4d4cb55dfed145eeb3da4a9000f8e932|contextual proximity|2
adenine stimulation|global level|4d4cb55dfed145eeb3da4a9000f8e932,4d4cb55dfed145eeb3da4a9000f8e932|contextual proximity|2
adenine stimulation|microarray data|4d4cb55dfed145eeb3da4a9000f8e932,4d4cb55dfed145eeb3da4a9000f8e932|contextual proximity|2
adenine stimulation|mrna decay|4d4cb55dfed145eeb3da4a9000f8e932,4d4cb55dfed145eeb3da4a9000f8e932|contextual proximity|2
adenine stimulation|purine metabolism|4d4cb55dfed145eeb3da4a9000f8e932,4d4cb55dfed145eeb3da4a9000f8e932|contextual proximity|2
adenine stimulation|purr|4d4cb55dfed145eeb3da4a9000f8e932,4d4cb55dfed145eeb3da4a9000f8e932,4d4cb55dfed145eeb3da4a9000f8e932,4d4cb55dfed145eeb3da4a9000f8e932,4d4cb55dfed145eeb3da4a9000f8e932,4d4cb55dfed145eeb3da4a9000f8e932,4d4cb55dfed145eeb3da4a9000f8e932|Under exogenous adenine stimulation, we elucidate the role of PurR at the genome-scale using high-resolution chromatin immunoprecipitation (ChIP)–chip and gene expression data obtained under in vivo conditions.,contextual proximity|10
affymetrix arrays|clr algorithm|0ba7957c0cd34c9c931b23e3ebe98234,0ba7957c0cd34c9c931b23e3ebe98234,0ba7957c0cd34c9c931b23e3ebe98234|contextual proximity|3
affymetrix arrays|global performance|0ba7957c0cd34c9c931b23e3ebe98234,0ba7957c0cd34c9c931b23e3ebe98234,0ba7957c0cd34c9c931b23e3ebe98234|contextual proximity|3
affymetrix arrays|machine learning approaches|0ba7957c0cd34c9c931b23e3ebe98234,0ba7957c0cd34c9c931b23e3ebe98234|contextual proximity|2
affymetrix arrays|regulondb|0ba7957c0cd34c9c931b23e3ebe98234,0ba7957c0cd34c9c931b23e3ebe98234|contextual proximity|2
anomalous diffusion|bacterial gene regulation|8877dd31f08047e99c12625e077c8cdd,8877dd31f08047e99c12625e077c8cdd|contextual proximity|2
anomalous diffusion|cytoskeletal elements|8877dd31f08047e99c12625e077c8cdd,8877dd31f08047e99c12625e077c8cdd|contextual proximity|2
anomalous diffusion|e. coli cells|8877dd31f08047e99c12625e077c8cdd,8877dd31f08047e99c12625e077c8cdd|contextual proximity|2
anomalous diffusion|exponent|8877dd31f08047e99c12625e077c8cdd,8877dd31f08047e99c12625e077c8cdd|contextual proximity|2
anomalous diffusion|implications|8877dd31f08047e99c12625e077c8cdd,8877dd31f08047e99c12625e077c8cdd,8877dd31f08047e99c12625e077c8cdd|implies on the kinetics of bacterial gene regulation,,contextual proximity|6
anomalous diffusion|individual fluorescently labeled mrna molecules|8877dd31f08047e99c12625e077c8cdd,8877dd31f08047e99c12625e077c8cdd|contextual proximity|2
anomalous diffusion|macromolecular crowding|8877dd31f08047e99c12625e077c8cdd,8877dd31f08047e99c12625e077c8cdd|contextual proximity|2
anomalous diffusion|motion|8877dd31f08047e99c12625e077c8cdd,8877dd31f08047e99c12625e077c8cdd,8877dd31f08047e99c12625e077c8cdd,8877dd31f08047e99c12625e077c8cdd,8877dd31f08047e99c12625e077c8cdd,8877dd31f08047e99c12625e077c8cdd,8877dd31f08047e99c12625e077c8cdd,8877dd31f08047e99c12625e077c8cdd|contextual proximity|8
anomalous diffusion|rna molecule|8877dd31f08047e99c12625e077c8cdd,8877dd31f08047e99c12625e077c8cdd,8877dd31f08047e99c12625e077c8cdd,8877dd31f08047e99c12625e077c8cdd|contextual proximity|4
anomalous diffusion|subdiffusive|8877dd31f08047e99c12625e077c8cdd,8877dd31f08047e99c12625e077c8cdd,8877dd31f08047e99c12625e077c8cdd,8877dd31f08047e99c12625e077c8cdd,8877dd31f08047e99c12625e077c8cdd,8877dd31f08047e99c12625e077c8cdd|contextual proximity|6
bacterial gene regulation|anomalous diffusion|8877dd31f08047e99c12625e077c8cdd,8877dd31f08047e99c12625e077c8cdd,8877dd31f08047e99c12625e077c8cdd|especially how transcription factors find their DNA targets.,contextual proximity|6
bacterial gene regulation|motion|8877dd31f08047e99c12625e077c8cdd,8877dd31f08047e99c12625e077c8cdd,8877dd31f08047e99c12625e077c8cdd,8877dd31f08047e99c12625e077c8cdd|contextual proximity|4
bacterial gene regulation|rna molecule|8877dd31f08047e99c12625e077c8cdd,8877dd31f08047e99c12625e077c8cdd|contextual proximity|2
bacterial gene regulation|subdiffusive|8877dd31f08047e99c12625e077c8cdd,8877dd31f08047e99c12625e077c8cdd,8877dd31f08047e99c12625e077c8cdd|contextual proximity|3
cancer|excision repair|f2ed5f535cd54c5f906a532ca97d86de,f2ed5f535cd54c5f906a532ca97d86de,f2ed5f535cd54c5f906a532ca97d86de,f2ed5f535cd54c5f906a532ca97d86de,f2ed5f535cd54c5f906a532ca97d86de,f2ed5f535cd54c5f906a532ca97d86de,f2ed5f535cd54c5f906a532ca97d86de,f2ed5f535cd54c5f906a532ca97d86de,f2ed5f535cd54c5f906a532ca97d86de,f2ed5f535cd54c5f906a532ca97d86de|contextual proximity|10
central metabolic control of iron transport|clr algorithm|0ba7957c0cd34c9c931b23e3ebe98234,0ba7957c0cd34c9c931b23e3ebe98234,0ba7957c0cd34c9c931b23e3ebe98234|contextual proximity|3
central metabolic control of iron transport|global performance|0ba7957c0cd34c9c931b23e3ebe98234,0ba7957c0cd34c9c931b23e3ebe98234,0ba7957c0cd34c9c931b23e3ebe98234|contextual proximity|3
central metabolic control of iron transport|machine learning approaches|0ba7957c0cd34c9c931b23e3ebe98234,0ba7957c0cd34c9c931b23e3ebe98234|contextual proximity|2
central metabolic control of iron transport|regulondb|0ba7957c0cd34c9c931b23e3ebe98234,0ba7957c0cd34c9c931b23e3ebe98234|contextual proximity|2
chromatin immunoprecipitation|clr algorithm|0ba7957c0cd34c9c931b23e3ebe98234,0ba7957c0cd34c9c931b23e3ebe98234,0ba7957c0cd34c9c931b23e3ebe98234|contextual proximity|3
chromatin immunoprecipitation|global performance|0ba7957c0cd34c9c931b23e3ebe98234,0ba7957c0cd34c9c931b23e3ebe98234,0ba7957c0cd34c9c931b23e3ebe98234|contextual proximity|3
chromatin immunoprecipitation|machine learning approaches|0ba7957c0cd34c9c931b23e3ebe98234,0ba7957c0cd34c9c931b23e3ebe98234|contextual proximity|2
chromatin immunoprecipitation|regulondb|0ba7957c0cd34c9c931b23e3ebe98234,0ba7957c0cd34c9c931b23e3ebe98234|contextual proximity|2
cigarette smoke|excision repair|f2ed5f535cd54c5f906a532ca97d86de,f2ed5f535cd54c5f906a532ca97d86de,f2ed5f535cd54c5f906a532ca97d86de,f2ed5f535cd54c5f906a532ca97d86de,f2ed5f535cd54c5f906a532ca97d86de,f2ed5f535cd54c5f906a532ca97d86de,f2ed5f535cd54c5f906a532ca97d86de,f2ed5f535cd54c5f906a532ca97d86de,f2ed5f535cd54c5f906a532ca97d86de,f2ed5f535cd54c5f906a532ca97d86de,f2ed5f535cd54c5f906a532ca97d86de|Excision repair is an important defense mechanism against the two major carcinogens, sunlight and cigarette smoke.,contextual proximity|14
clr algorithm|affymetrix arrays|0ba7957c0cd34c9c931b23e3ebe98234,0ba7957c0cd34c9c931b23e3ebe98234,0ba7957c0cd34c9c931b23e3ebe98234|contextual proximity|3
clr algorithm|central metabolic control of iron transport|0ba7957c0cd34c9c931b23e3ebe98234,0ba7957c0cd34c9c931b23e3ebe98234,0ba7957c0cd34c9c931b23e3ebe98234|contextual proximity|3
clr algorithm|chromatin immunoprecipitation|0ba7957c0cd34c9c931b23e3ebe98234,0ba7957c0cd34c9c931b23e3ebe98234,0ba7957c0cd34c9c931b23e3ebe98234|contextual proximity|3
clr algorithm|escherichia coli|0ba7957c0cd34c9c931b23e3ebe98234,0ba7957c0cd34c9c931b23e3ebe98234,0ba7957c0cd34c9c931b23e3ebe98234|contextual proximity|3
clr algorithm|four existing classes of inference algorithms|0ba7957c0cd34c9c931b23e3ebe98234,0ba7957c0cd34c9c931b23e3ebe98234,0ba7957c0cd34c9c931b23e3ebe98234|contextual proximity|3
clr algorithm|global performance|0ba7957c0cd34c9c931b23e3ebe98234,0ba7957c0cd34c9c931b23e3ebe98234,0ba7957c0cd34c9c931b23e3ebe98234,0ba7957c0cd34c9c931b23e3ebe98234,0ba7957c0cd34c9c931b23e3ebe98234,0ba7957c0cd34c9c931b23e3ebe98234,0ba7957c0cd34c9c931b23e3ebe98234,0ba7957c0cd34c9c931b23e3ebe98234,0ba7957c0cd34c9c931b23e3ebe98234,0ba7957c0cd34c9c931b23e3ebe98234|Assessing the global performance of four existing classes of inference algorithms using 445 Escherichia coli Affymetrix arrays and 3,216 known E. Coli regulatory interactions from RegulonDB.,contextual proximity|13
clr algorithm|known e. coli regulatory interactions|0ba7957c0cd34c9c931b23e3ebe98234,0ba7957c0cd34c9c931b23e3ebe98234,0ba7957c0cd34c9c931b23e3ebe98234|contextual proximity|3
clr algorithm|machine learning approaches|0ba7957c0cd34c9c931b23e3ebe98234,0ba7957c0cd34c9c931b23e3ebe98234,0ba7957c0cd34c9c931b23e3ebe98234,0ba7957c0cd34c9c931b23e3ebe98234,0ba7957c0cd34c9c931b23e3ebe98234,0ba7957c0cd34c9c931b23e3ebe98234|contextual proximity|6
clr algorithm|performance estimates|0ba7957c0cd34c9c931b23e3ebe98234,0ba7957c0cd34c9c931b23e3ebe98234,0ba7957c0cd34c9c931b23e3ebe98234|contextual proximity|3
clr algorithm|precision gain|0ba7957c0cd34c9c931b23e3ebe98234,0ba7957c0cd34c9c931b23e3ebe98234,0ba7957c0cd34c9c931b23e3ebe98234,0ba7957c0cd34c9c931b23e3ebe98234|Demonstrates an average precision gain of 36% relative to the next-best performing algorithm.,contextual proximity|7
clr algorithm|regulatory link|0ba7957c0cd34c9c931b23e3ebe98234,0ba7957c0cd34c9c931b23e3ebe98234,0ba7957c0cd34c9c931b23e3ebe98234|contextual proximity|3
clr algorithm|regulondb|0ba7957c0cd34c9c931b23e3ebe98234,0ba7957c0cd34c9c931b23e3ebe98234,0ba7957c0cd34c9c931b23e3ebe98234,0ba7957c0cd34c9c931b23e3ebe98234,0ba7957c0cd34c9c931b23e3ebe98234,0ba7957c0cd34c9c931b23e3ebe98234|contextual proximity|6
clr algorithm|systematically identify transcriptional regulatory interactions|0ba7957c0cd34c9c931b23e3ebe98234,0ba7957c0cd34c9c931b23e3ebe98234,0ba7957c0cd34c9c931b23e3ebe98234|contextual proximity|3
clr algorithm|three transcription factors|0ba7957c0cd34c9c931b23e3ebe98234,0ba7957c0cd34c9c931b23e3ebe98234,0ba7957c0cd34c9c931b23e3ebe98234|contextual proximity|3
clr algorithm|true positive rate|0ba7957c0cd34c9c931b23e3ebe98234,0ba7957c0cd34c9c931b23e3ebe98234,0ba7957c0cd34c9c931b23e3ebe98234,0ba7957c0cd34c9c931b23e3ebe98234|At a 60% true positive rate, identifies 1,079 regulatory interactions, of which 338 were in the previously known network and 741 were novel predictions.,contextual proximity|7
components of functional modules|produced differentially according to their hierarchical role|5d34939023dd4f519d9a0858cc7ab949|Components of functional modules are produced differentially according to their hierarchical role,|4
cytoskeletal elements|anomalous diffusion|8877dd31f08047e99c12625e077c8cdd,8877dd31f08047e99c12625e077c8cdd|contextual proximity|2
cytoskeletal elements|motion|8877dd31f08047e99c12625e077c8cdd,8877dd31f08047e99c12625e077c8cdd,8877dd31f08047e99c12625e077c8cdd,8877dd31f08047e99c12625e077c8cdd|contextual proximity|4
cytoskeletal elements|rna molecule|8877dd31f08047e99c12625e077c8cdd,8877dd31f08047e99c12625e077c8cdd|contextual proximity|2
cytoskeletal elements|subdiffusive|8877dd31f08047e99c12625e077c8cdd,8877dd31f08047e99c12625e077c8cdd,8877dd31f08047e99c12625e077c8cdd,8877dd31f08047e99c12625e077c8cdd|including the disruption of cytoskeletal elements.,contextual proximity|7
dna|sp1 (human)|3b73e1dadba44beca928325644c6a7ed,3b73e1dadba44beca928325644c6a7ed|contextual proximity|2
dna|sp1 (human) (c-terminal 168 amino acid residues)|3b73e1dadba44beca928325644c6a7ed,3b73e1dadba44beca928325644c6a7ed|contextual proximity|2
dna damage|excision repair|f2ed5f535cd54c5f906a532ca97d86de,f2ed5f535cd54c5f906a532ca97d86de,f2ed5f535cd54c5f906a532ca97d86de,f2ed5f535cd54c5f906a532ca97d86de,f2ed5f535cd54c5f906a532ca97d86de,f2ed5f535cd54c5f906a532ca97d86de,f2ed5f535cd54c5f906a532ca97d86de,f2ed5f535cd54c5f906a532ca97d86de,f2ed5f535cd54c5f906a532ca97d86de,f2ed5f535cd54c5f906a532ca97d86de|contextual proximity|10
e. coli|sp1 (human)|3b73e1dadba44beca928325644c6a7ed,3b73e1dadba44beca928325644c6a7ed|contextual proximity|2
e. coli|sp1 (human) (c-terminal 168 amino acid residues)|3b73e1dadba44beca928325644c6a7ed,3b73e1dadba44beca928325644c6a7ed|contextual proximity|2
e. coli cells|anomalous diffusion|8877dd31f08047e99c12625e077c8cdd,8877dd31f08047e99c12625e077c8cdd|contextual proximity|2
e. coli cells|motion|8877dd31f08047e99c12625e077c8cdd,8877dd31f08047e99c12625e077c8cdd,8877dd31f08047e99c12625e077c8cdd,8877dd31f08047e99c12625e077c8cdd|contextual proximity|4
e. coli cells|rna molecule|8877dd31f08047e99c12625e077c8cdd,8877dd31f08047e99c12625e077c8cdd|contextual proximity|2
e. coli cells|subdiffusive|8877dd31f08047e99c12625e077c8cdd,8877dd31f08047e99c12625e077c8cdd,8877dd31f08047e99c12625e077c8cdd|contextual proximity|3
e. coli strain lacking the purr gene|56 genes|4d4cb55dfed145eeb3da4a9000f8e932|From the ChIP–chip analysis, we determined that over 73% of genes directly regulated by PurR were enriched in the biosynthesis, utilization and transport of purine and pyrimidine nucleotides, and 20% of them were functionally unknown. The E. coli strain lacking the purR gene showed that a total of 56 genes are affected by the deletion.|4
e. coli strain lacking the purr gene|adenine stimulation|4d4cb55dfed145eeb3da4a9000f8e932,4d4cb55dfed145eeb3da4a9000f8e932|contextual proximity|2
e. coli strain lacking the purr gene|purr|4d4cb55dfed145eeb3da4a9000f8e932,4d4cb55dfed145eeb3da4a9000f8e932,4d4cb55dfed145eeb3da4a9000f8e932|contextual proximity|3
escherichia coli|affymetrix arrays|0ba7957c0cd34c9c931b23e3ebe98234|Using 445 Escherichia coli Affymetrix arrays and 3,216 known E. coli regulatory interactions from RegulonDB.|4
escherichia coli|clr algorithm|0ba7957c0cd34c9c931b23e3ebe98234,0ba7957c0cd34c9c931b23e3ebe98234,0ba7957c0cd34c9c931b23e3ebe98234|contextual proximity|3
escherichia coli|excision repair|f2ed5f535cd54c5f906a532ca97d86de,f2ed5f535cd54c5f906a532ca97d86de,f2ed5f535cd54c5f906a532ca97d86de,f2ed5f535cd54c5f906a532ca97d86de,f2ed5f535cd54c5f906a532ca97d86de,f2ed5f535cd54c5f906a532ca97d86de,f2ed5f535cd54c5f906a532ca97d86de,f2ed5f535cd54c5f906a532ca97d86de,f2ed5f535cd54c5f906a532ca97d86de,f2ed5f535cd54c5f906a532ca97d86de,f2ed5f535cd54c5f906a532ca97d86de|In Escherichia coli, the damaged base is removed in a 12-13 nucleotide (nt)-long oligomer; in eukaryotes including humans the damage is excised in a 24-32 nt-long fragment.,contextual proximity|14
escherichia coli|global performance|0ba7957c0cd34c9c931b23e3ebe98234,0ba7957c0cd34c9c931b23e3ebe98234,0ba7957c0cd34c9c931b23e3ebe98234|contextual proximity|3
escherichia coli|machine learning approaches|0ba7957c0cd34c9c931b23e3ebe98234,0ba7957c0cd34c9c931b23e3ebe98234|contextual proximity|2
escherichia coli|regulondb|0ba7957c0cd34c9c931b23e3ebe98234,0ba7957c0cd34c9c931b23e3ebe98234|contextual proximity|2
escherichia coli galactose operon with a defect in adenylate cyclase or the cyclic amp receptor protein|gal mrna molecules|6f47d46770ae47bcb2dc98fcfeb0c34e,6f47d46770ae47bcb2dc98fcfeb0c34e|contextual proximity|2
escherichia coli galactose operon with a defect in adenylate cyclase or the cyclic amp receptor protein|gal mrna molecules made in vitro|6f47d46770ae47bcb2dc98fcfeb0c34e,6f47d46770ae47bcb2dc98fcfeb0c34e|contextual proximity|2
escherichia coli galactose operon with a defect in adenylate cyclase or the cyclic amp receptor protein|gal mrna molecules made in vitro in the absence of cyclic amp or cyclic amp receptor protein|6f47d46770ae47bcb2dc98fcfeb0c34e,6f47d46770ae47bcb2dc98fcfeb0c34e|contextual proximity|2
escherichia coli galactose operon with a defect in adenylate cyclase or the cyclic amp receptor protein|gal mrna molecules made in wild type cells|6f47d46770ae47bcb2dc98fcfeb0c34e,6f47d46770ae47bcb2dc98fcfeb0c34e|contextual proximity|2
escherichia coli galactose operon with a defect in adenylate cyclase or the cyclic amp receptor protein|gal rna|6f47d46770ae47bcb2dc98fcfeb0c34e,6f47d46770ae47bcb2dc98fcfeb0c34e|contextual proximity|2
escherichia coli galactose operon with a defect in adenylate cyclase or the cyclic amp receptor protein|gal rna made in wild type cells|6f47d46770ae47bcb2dc98fcfeb0c34e,6f47d46770ae47bcb2dc98fcfeb0c34e|contextual proximity|2
escherichia coli galactose operon with a defect in adenylate cyclase or the cyclic amp receptor protein|gal rna synthesized in vitro in the absence of cyclic amp or cyclic amp receptor protein|6f47d46770ae47bcb2dc98fcfeb0c34e,6f47d46770ae47bcb2dc98fcfeb0c34e|contextual proximity|2
escherichia coli galactose operon with a defect in adenylate cyclase or the cyclic amp receptor protein|galactose operon|6f47d46770ae47bcb2dc98fcfeb0c34e,6f47d46770ae47bcb2dc98fcfeb0c34e,6f47d46770ae47bcb2dc98fcfeb0c34e,6f47d46770ae47bcb2dc98fcfeb0c34e,6f47d46770ae47bcb2dc98fcfeb0c34e,6f47d46770ae47bcb2dc98fcfeb0c34e,6f47d46770ae47bcb2dc98fcfeb0c34e,6f47d46770ae47bcb2dc98fcfeb0c34e|contextual proximity|8
escherichia coli galactose operon with a defect in adenylate cyclase or the cyclic amp receptor protein|two overlapping promoters|6f47d46770ae47bcb2dc98fcfeb0c34e,6f47d46770ae47bcb2dc98fcfeb0c34e|contextual proximity|2
excision repair|cancer|f2ed5f535cd54c5f906a532ca97d86de,f2ed5f535cd54c5f906a532ca97d86de,f2ed5f535cd54c5f906a532ca97d86de,f2ed5f535cd54c5f906a532ca97d86de,f2ed5f535cd54c5f906a532ca97d86de,f2ed5f535cd54c5f906a532ca97d86de,f2ed5f535cd54c5f906a532ca97d86de,f2ed5f535cd54c5f906a532ca97d86de,f2ed5f535cd54c5f906a532ca97d86de,f2ed5f535cd54c5f906a532ca97d86de,f2ed5f535cd54c5f906a532ca97d86de|Individuals defective in excision repair exhibit a high incidence of cancer.,contextual proximity|14
excision repair|cigarette smoke|f2ed5f535cd54c5f906a532ca97d86de,f2ed5f535cd54c5f906a532ca97d86de,f2ed5f535cd54c5f906a532ca97d86de,f2ed5f535cd54c5f906a532ca97d86de,f2ed5f535cd54c5f906a532ca97d86de,f2ed5f535cd54c5f906a532ca97d86de,f2ed5f535cd54c5f906a532ca97d86de,f2ed5f535cd54c5f906a532ca97d86de,f2ed5f535cd54c5f906a532ca97d86de,f2ed5f535cd54c5f906a532ca97d86de|contextual proximity|10
excision repair|dna damage|f2ed5f535cd54c5f906a532ca97d86de,f2ed5f535cd54c5f906a532ca97d86de,f2ed5f535cd54c5f906a532ca97d86de,f2ed5f535cd54c5f906a532ca97d86de,f2ed5f535cd54c5f906a532ca97d86de,f2ed5f535cd54c5f906a532ca97d86de,f2ed5f535cd54c5f906a532ca97d86de,f2ed5f535cd54c5f906a532ca97d86de,f2ed5f535cd54c5f906a532ca97d86de,f2ed5f535cd54c5f906a532ca97d86de|contextual proximity|10
excision repair|escherichia coli|f2ed5f535cd54c5f906a532ca97d86de,f2ed5f535cd54c5f906a532ca97d86de,f2ed5f535cd54c5f906a532ca97d86de,f2ed5f535cd54c5f906a532ca97d86de,f2ed5f535cd54c5f906a532ca97d86de,f2ed5f535cd54c5f906a532ca97d86de,f2ed5f535cd54c5f906a532ca97d86de,f2ed5f535cd54c5f906a532ca97d86de,f2ed5f535cd54c5f906a532ca97d86de,f2ed5f535cd54c5f906a532ca97d86de|contextual proximity|10
excision repair|nucleotide excision repair|f2ed5f535cd54c5f906a532ca97d86de,f2ed5f535cd54c5f906a532ca97d86de,f2ed5f535cd54c5f906a532ca97d86de,f2ed5f535cd54c5f906a532ca97d86de,f2ed5f535cd54c5f906a532ca97d86de,f2ed5f535cd54c5f906a532ca97d86de,f2ed5f535cd54c5f906a532ca97d86de,f2ed5f535cd54c5f906a532ca97d86de,f2ed5f535cd54c5f906a532ca97d86de,f2ed5f535cd54c5f906a532ca97d86de|contextual proximity|10
excision repair|replication protein a|f2ed5f535cd54c5f906a532ca97d86de,f2ed5f535cd54c5f906a532ca97d86de,f2ed5f535cd54c5f906a532ca97d86de,f2ed5f535cd54c5f906a532ca97d86de,f2ed5f535cd54c5f906a532ca97d86de,f2ed5f535cd54c5f906a532ca97d86de,f2ed5f535cd54c5f906a532ca97d86de,f2ed5f535cd54c5f906a532ca97d86de,f2ed5f535cd54c5f906a532ca97d86de,f2ed5f535cd54c5f906a532ca97d86de|contextual proximity|10
excision repair|sunlight|f2ed5f535cd54c5f906a532ca97d86de,f2ed5f535cd54c5f906a532ca97d86de,f2ed5f535cd54c5f906a532ca97d86de,f2ed5f535cd54c5f906a532ca97d86de,f2ed5f535cd54c5f906a532ca97d86de,f2ed5f535cd54c5f906a532ca97d86de,f2ed5f535cd54c5f906a532ca97d86de,f2ed5f535cd54c5f906a532ca97d86de,f2ed5f535cd54c5f906a532ca97d86de,f2ed5f535cd54c5f906a532ca97d86de|contextual proximity|10
excision repair|transcription|f2ed5f535cd54c5f906a532ca97d86de,f2ed5f535cd54c5f906a532ca97d86de,f2ed5f535cd54c5f906a532ca97d86de,f2ed5f535cd54c5f906a532ca97d86de,f2ed5f535cd54c5f906a532ca97d86de,f2ed5f535cd54c5f906a532ca97d86de,f2ed5f535cd54c5f906a532ca97d86de,f2ed5f535cd54c5f906a532ca97d86de,f2ed5f535cd54c5f906a532ca97d86de,f2ed5f535cd54c5f906a532ca97d86de|contextual proximity|10
excision repair|uvra|f2ed5f535cd54c5f906a532ca97d86de,f2ed5f535cd54c5f906a532ca97d86de,f2ed5f535cd54c5f906a532ca97d86de,f2ed5f535cd54c5f906a532ca97d86de,f2ed5f535cd54c5f906a532ca97d86de,f2ed5f535cd54c5f906a532ca97d86de,f2ed5f535cd54c5f906a532ca97d86de,f2ed5f535cd54c5f906a532ca97d86de,f2ed5f535cd54c5f906a532ca97d86de,f2ed5f535cd54c5f906a532ca97d86de|contextual proximity|10
excision repair|uvrb|f2ed5f535cd54c5f906a532ca97d86de,f2ed5f535cd54c5f906a532ca97d86de,f2ed5f535cd54c5f906a532ca97d86de,f2ed5f535cd54c5f906a532ca97d86de,f2ed5f535cd54c5f906a532ca97d86de,f2ed5f535cd54c5f906a532ca97d86de,f2ed5f535cd54c5f906a532ca97d86de,f2ed5f535cd54c5f906a532ca97d86de,f2ed5f535cd54c5f906a532ca97d86de,f2ed5f535cd54c5f906a532ca97d86de|contextual proximity|10
excision repair|uvrc|f2ed5f535cd54c5f906a532ca97d86de,f2ed5f535cd54c5f906a532ca97d86de,f2ed5f535cd54c5f906a532ca97d86de,f2ed5f535cd54c5f906a532ca97d86de,f2ed5f535cd54c5f906a532ca97d86de,f2ed5f535cd54c5f906a532ca97d86de,f2ed5f535cd54c5f906a532ca97d86de,f2ed5f535cd54c5f906a532ca97d86de,f2ed5f535cd54c5f906a532ca97d86de,f2ed5f535cd54c5f906a532ca97d86de|contextual proximity|10
excision repair|xeroderma pigmentosum (xp)|f2ed5f535cd54c5f906a532ca97d86de,f2ed5f535cd54c5f906a532ca97d86de,f2ed5f535cd54c5f906a532ca97d86de,f2ed5f535cd54c5f906a532ca97d86de,f2ed5f535cd54c5f906a532ca97d86de,f2ed5f535cd54c5f906a532ca97d86de,f2ed5f535cd54c5f906a532ca97d86de,f2ed5f535cd54c5f906a532ca97d86de,f2ed5f535cd54c5f906a532ca97d86de,f2ed5f535cd54c5f906a532ca97d86de|contextual proximity|10
exponent|anomalous diffusion|8877dd31f08047e99c12625e077c8cdd,8877dd31f08047e99c12625e077c8cdd|contextual proximity|2
exponent|motion|8877dd31f08047e99c12625e077c8cdd,8877dd31f08047e99c12625e077c8cdd,8877dd31f08047e99c12625e077c8cdd,8877dd31f08047e99c12625e077c8cdd|contextual proximity|4
exponent|rna molecule|8877dd31f08047e99c12625e077c8cdd,8877dd31f08047e99c12625e077c8cdd|contextual proximity|2
exponent|subdiffusive|8877dd31f08047e99c12625e077c8cdd,8877dd31f08047e99c12625e077c8cdd,8877dd31f08047e99c12625e077c8cdd,8877dd31f08047e99c12625e077c8cdd|with an exponent that is robust to physiological changes,,contextual proximity|7
four existing classes of inference algorithms|clr algorithm|0ba7957c0cd34c9c931b23e3ebe98234,0ba7957c0cd34c9c931b23e3ebe98234,0ba7957c0cd34c9c931b23e3ebe98234|contextual proximity|3
four existing classes of inference algorithms|global performance|0ba7957c0cd34c9c931b23e3ebe98234,0ba7957c0cd34c9c931b23e3ebe98234,0ba7957c0cd34c9c931b23e3ebe98234,0ba7957c0cd34c9c931b23e3ebe98234|Assessing the global performance of four existing classes of inference algorithms using 445 Escherichia coli Affymetrix arrays and 3,216 known E. coli regulatory interactions from RegulonDB.,contextual proximity|7
four existing classes of inference algorithms|machine learning approaches|0ba7957c0cd34c9c931b23e3ebe98234,0ba7957c0cd34c9c931b23e3ebe98234|contextual proximity|2
four existing classes of inference algorithms|regulondb|0ba7957c0cd34c9c931b23e3ebe98234,0ba7957c0cd34c9c931b23e3ebe98234|contextual proximity|2
functions and size|adenine stimulation|4d4cb55dfed145eeb3da4a9000f8e932,4d4cb55dfed145eeb3da4a9000f8e932|contextual proximity|2
functions and size|purr|4d4cb55dfed145eeb3da4a9000f8e932,4d4cb55dfed145eeb3da4a9000f8e932,4d4cb55dfed145eeb3da4a9000f8e932|contextual proximity|3
gal mrna molecules|escherichia coli galactose operon with a defect in adenylate cyclase or the cyclic amp receptor protein|6f47d46770ae47bcb2dc98fcfeb0c34e,6f47d46770ae47bcb2dc98fcfeb0c34e|contextual proximity|2
gal mrna molecules|gal rna synthesized in vitro in the absence of cyclic amp or cyclic amp receptor protein|6f47d46770ae47bcb2dc98fcfeb0c34e|The same difference between gal mRNA molecules made in vitro in the absence of cyclic AMP or cyclic AMP receptor protein and gal RNA made in the presence of these factors is detected by this assay.|4
gal mrna molecules|galactose operon|6f47d46770ae47bcb2dc98fcfeb0c34e,6f47d46770ae47bcb2dc98fcfeb0c34e,6f47d46770ae47bcb2dc98fcfeb0c34e,6f47d46770ae47bcb2dc98fcfeb0c34e|contextual proximity|4
gal mrna molecules made in vitro|escherichia coli galactose operon with a defect in adenylate cyclase or the cyclic amp receptor protein|6f47d46770ae47bcb2dc98fcfeb0c34e,6f47d46770ae47bcb2dc98fcfeb0c34e|contextual proximity|2
gal mrna molecules made in vitro|gal mrna molecules made in vitro in the absence of cyclic amp or cyclic amp receptor protein|6f47d46770ae47bcb2dc98fcfeb0c34e|The gal mRNA molecules made in vitro also contain about five nucleotides more at their 5' end in the absence of cyclic AMP or cyclic AMP receptor protein compared to those made in the presence of these factors.|4
gal mrna molecules made in vitro|galactose operon|6f47d46770ae47bcb2dc98fcfeb0c34e,6f47d46770ae47bcb2dc98fcfeb0c34e,6f47d46770ae47bcb2dc98fcfeb0c34e,6f47d46770ae47bcb2dc98fcfeb0c34e|contextual proximity|4
gal mrna molecules made in vitro in the absence of cyclic amp or cyclic amp receptor protein|escherichia coli galactose operon with a defect in adenylate cyclase or the cyclic amp receptor protein|6f47d46770ae47bcb2dc98fcfeb0c34e,6f47d46770ae47bcb2dc98fcfeb0c34e|contextual proximity|2
gal mrna molecules made in vitro in the absence of cyclic amp or cyclic amp receptor protein|galactose operon|6f47d46770ae47bcb2dc98fcfeb0c34e,6f47d46770ae47bcb2dc98fcfeb0c34e,6f47d46770ae47bcb2dc98fcfeb0c34e,6f47d46770ae47bcb2dc98fcfeb0c34e|contextual proximity|4
gal mrna molecules made in wild type cells|escherichia coli galactose operon with a defect in adenylate cyclase or the cyclic amp receptor protein|6f47d46770ae47bcb2dc98fcfeb0c34e,6f47d46770ae47bcb2dc98fcfeb0c34e|contextual proximity|2
gal mrna molecules made in wild type cells|galactose operon|6f47d46770ae47bcb2dc98fcfeb0c34e,6f47d46770ae47bcb2dc98fcfeb0c34e,6f47d46770ae47bcb2dc98fcfeb0c34e,6f47d46770ae47bcb2dc98fcfeb0c34e|contextual proximity|4
gal rna|escherichia coli galactose operon with a defect in adenylate cyclase or the cyclic amp receptor protein|6f47d46770ae47bcb2dc98fcfeb0c34e,6f47d46770ae47bcb2dc98fcfeb0c34e|contextual proximity|2
gal rna|gal rna made in wild type cells|6f47d46770ae47bcb2dc98fcfeb0c34e|The intracellular levels of cyclic AMP determine which promoter is utilized for the expression of gal RNA.|4
gal rna|galactose operon|6f47d46770ae47bcb2dc98fcfeb0c34e,6f47d46770ae47bcb2dc98fcfeb0c34e,6f47d46770ae47bcb2dc98fcfeb0c34e,6f47d46770ae47bcb2dc98fcfeb0c34e|contextual proximity|4
gal rna made in wild type cells|escherichia coli galactose operon with a defect in adenylate cyclase or the cyclic amp receptor protein|6f47d46770ae47bcb2dc98fcfeb0c34e,6f47d46770ae47bcb2dc98fcfeb0c34e|contextual proximity|2
gal rna made in wild type cells|galactose operon|6f47d46770ae47bcb2dc98fcfeb0c34e,6f47d46770ae47bcb2dc98fcfeb0c34e,6f47d46770ae47bcb2dc98fcfeb0c34e,6f47d46770ae47bcb2dc98fcfeb0c34e|contextual proximity|4
gal rna synthesized in vitro in the absence of cyclic amp or cyclic amp receptor protein|escherichia coli galactose operon with a defect in adenylate cyclase or the cyclic amp receptor protein|6f47d46770ae47bcb2dc98fcfeb0c34e,6f47d46770ae47bcb2dc98fcfeb0c34e|contextual proximity|2
gal rna synthesized in vitro in the absence of cyclic amp or cyclic amp receptor protein|galactose operon|6f47d46770ae47bcb2dc98fcfeb0c34e,6f47d46770ae47bcb2dc98fcfeb0c34e,6f47d46770ae47bcb2dc98fcfeb0c34e,6f47d46770ae47bcb2dc98fcfeb0c34e|contextual proximity|4
galactose operon|escherichia coli galactose operon with a defect in adenylate cyclase or the cyclic amp receptor protein|6f47d46770ae47bcb2dc98fcfeb0c34e,6f47d46770ae47bcb2dc98fcfeb0c34e,6f47d46770ae47bcb2dc98fcfeb0c34e,6f47d46770ae47bcb2dc98fcfeb0c34e,6f47d46770ae47bcb2dc98fcfeb0c34e,6f47d46770ae47bcb2dc98fcfeb0c34e,6f47d46770ae47bcb2dc98fcfeb0c34e,6f47d46770ae47bcb2dc98fcfeb0c34e,6f47d46770ae47bcb2dc98fcfeb0c34e,6f47d46770ae47bcb2dc98fcfeb0c34e|The difference between the mRNA transcripts of these two concepts found in intact E. Coli cells is that the former contains about five nucleotides more at their 5' end.,The difference between the mRNA transcripts of these two concepts found in intact E. Coli cells is that the former contains about five nucleotides more at their 5' end, indicating that they are regulated by the intracellular levels of cyclic AMP.,contextual proximity|16
galactose operon|gal mrna molecules|6f47d46770ae47bcb2dc98fcfeb0c34e,6f47d46770ae47bcb2dc98fcfeb0c34e,6f47d46770ae47bcb2dc98fcfeb0c34e,6f47d46770ae47bcb2dc98fcfeb0c34e|contextual proximity|4
galactose operon|gal mrna molecules made in vitro|6f47d46770ae47bcb2dc98fcfeb0c34e,6f47d46770ae47bcb2dc98fcfeb0c34e,6f47d46770ae47bcb2dc98fcfeb0c34e,6f47d46770ae47bcb2dc98fcfeb0c34e|contextual proximity|4
galactose operon|gal mrna molecules made in vitro in the absence of cyclic amp or cyclic amp receptor protein|6f47d46770ae47bcb2dc98fcfeb0c34e,6f47d46770ae47bcb2dc98fcfeb0c34e,6f47d46770ae47bcb2dc98fcfeb0c34e,6f47d46770ae47bcb2dc98fcfeb0c34e|contextual proximity|4
galactose operon|gal mrna molecules made in wild type cells|6f47d46770ae47bcb2dc98fcfeb0c34e,6f47d46770ae47bcb2dc98fcfeb0c34e,6f47d46770ae47bcb2dc98fcfeb0c34e,6f47d46770ae47bcb2dc98fcfeb0c34e,6f47d46770ae47bcb2dc98fcfeb0c34e|The gal mRNA molecules made in wild type cells have the same difference as the mRNA transcripts of the Escherichia coli galactose operon found in intact E. Coli cells with a defect in adenylate cyclase or the cyclic AMP receptor protein, which contain about five nucleotides more at their 5' end.,contextual proximity|8
galactose operon|gal rna|6f47d46770ae47bcb2dc98fcfeb0c34e,6f47d46770ae47bcb2dc98fcfeb0c34e,6f47d46770ae47bcb2dc98fcfeb0c34e,6f47d46770ae47bcb2dc98fcfeb0c34e|contextual proximity|4
galactose operon|gal rna made in wild type cells|6f47d46770ae47bcb2dc98fcfeb0c34e,6f47d46770ae47bcb2dc98fcfeb0c34e,6f47d46770ae47bcb2dc98fcfeb0c34e,6f47d46770ae47bcb2dc98fcfeb0c34e|contextual proximity|4
galactose operon|gal rna synthesized in vitro in the absence of cyclic amp or cyclic amp receptor protein|6f47d46770ae47bcb2dc98fcfeb0c34e,6f47d46770ae47bcb2dc98fcfeb0c34e,6f47d46770ae47bcb2dc98fcfeb0c34e,6f47d46770ae47bcb2dc98fcfeb0c34e|contextual proximity|4
galactose operon|two overlapping promoters|6f47d46770ae47bcb2dc98fcfeb0c34e,6f47d46770ae47bcb2dc98fcfeb0c34e,6f47d46770ae47bcb2dc98fcfeb0c34e,6f47d46770ae47bcb2dc98fcfeb0c34e,6f47d46770ae47bcb2dc98fcfeb0c34e|The same two overlapping promoters control the expression of the galactose operon in intact cells as identified by in vitro transcription of gal DNA fragments.,contextual proximity|8
gc box promoter elements|sp1 (human)|3b73e1dadba44beca928325644c6a7ed,3b73e1dadba44beca928325644c6a7ed|contextual proximity|2
gc box promoter elements|sp1 (human) (c-terminal 168 amino acid residues)|3b73e1dadba44beca928325644c6a7ed,3b73e1dadba44beca928325644c6a7ed|contextual proximity|2
global level|adenine stimulation|4d4cb55dfed145eeb3da4a9000f8e932,4d4cb55dfed145eeb3da4a9000f8e932|contextual proximity|2
global level|purr|4d4cb55dfed145eeb3da4a9000f8e932,4d4cb55dfed145eeb3da4a9000f8e932,4d4cb55dfed145eeb3da4a9000f8e932|contextual proximity|3
global performance|affymetrix arrays|0ba7957c0cd34c9c931b23e3ebe98234,0ba7957c0cd34c9c931b23e3ebe98234,0ba7957c0cd34c9c931b23e3ebe98234|contextual proximity|3
global performance|central metabolic control of iron transport|0ba7957c0cd34c9c931b23e3ebe98234,0ba7957c0cd34c9c931b23e3ebe98234,0ba7957c0cd34c9c931b23e3ebe98234|contextual proximity|3
global performance|chromatin immunoprecipitation|0ba7957c0cd34c9c931b23e3ebe98234,0ba7957c0cd34c9c931b23e3ebe98234,0ba7957c0cd34c9c931b23e3ebe98234|contextual proximity|3
global performance|clr algorithm|0ba7957c0cd34c9c931b23e3ebe98234,0ba7957c0cd34c9c931b23e3ebe98234,0ba7957c0cd34c9c931b23e3ebe98234,0ba7957c0cd34c9c931b23e3ebe98234,0ba7957c0cd34c9c931b23e3ebe98234,0ba7957c0cd34c9c931b23e3ebe98234,0ba7957c0cd34c9c931b23e3ebe98234,0ba7957c0cd34c9c931b23e3ebe98234,0ba7957c0cd34c9c931b23e3ebe98234|contextual proximity|9
global performance|escherichia coli|0ba7957c0cd34c9c931b23e3ebe98234,0ba7957c0cd34c9c931b23e3ebe98234,0ba7957c0cd34c9c931b23e3ebe98234|contextual proximity|3
global performance|four existing classes of inference algorithms|0ba7957c0cd34c9c931b23e3ebe98234,0ba7957c0cd34c9c931b23e3ebe98234,0ba7957c0cd34c9c931b23e3ebe98234|contextual proximity|3
global performance|known e. coli regulatory interactions|0ba7957c0cd34c9c931b23e3ebe98234,0ba7957c0cd34c9c931b23e3ebe98234,0ba7957c0cd34c9c931b23e3ebe98234|contextual proximity|3
global performance|machine learning approaches|0ba7957c0cd34c9c931b23e3ebe98234,0ba7957c0cd34c9c931b23e3ebe98234,0ba7957c0cd34c9c931b23e3ebe98234,0ba7957c0cd34c9c931b23e3ebe98234,0ba7957c0cd34c9c931b23e3ebe98234,0ba7957c0cd34c9c931b23e3ebe98234|contextual proximity|6
global performance|performance estimates|0ba7957c0cd34c9c931b23e3ebe98234,0ba7957c0cd34c9c931b23e3ebe98234,0ba7957c0cd34c9c931b23e3ebe98234|contextual proximity|3
global performance|precision gain|0ba7957c0cd34c9c931b23e3ebe98234,0ba7957c0cd34c9c931b23e3ebe98234,0ba7957c0cd34c9c931b23e3ebe98234|contextual proximity|3
global performance|regulatory link|0ba7957c0cd34c9c931b23e3ebe98234,0ba7957c0cd34c9c931b23e3ebe98234,0ba7957c0cd34c9c931b23e3ebe98234|contextual proximity|3
global performance|regulondb|0ba7957c0cd34c9c931b23e3ebe98234,0ba7957c0cd34c9c931b23e3ebe98234,0ba7957c0cd34c9c931b23e3ebe98234,0ba7957c0cd34c9c931b23e3ebe98234,0ba7957c0cd34c9c931b23e3ebe98234,0ba7957c0cd34c9c931b23e3ebe98234|contextual proximity|6
global performance|systematically identify transcriptional regulatory interactions|0ba7957c0cd34c9c931b23e3ebe98234,0ba7957c0cd34c9c931b23e3ebe98234,0ba7957c0cd34c9c931b23e3ebe98234|contextual proximity|3
global performance|three transcription factors|0ba7957c0cd34c9c931b23e3ebe98234,0ba7957c0cd34c9c931b23e3ebe98234,0ba7957c0cd34c9c931b23e3ebe98234|contextual proximity|3
global performance|true positive rate|0ba7957c0cd34c9c931b23e3ebe98234,0ba7957c0cd34c9c931b23e3ebe98234,0ba7957c0cd34c9c931b23e3ebe98234|contextual proximity|3
implications|anomalous diffusion|8877dd31f08047e99c12625e077c8cdd,8877dd31f08047e99c12625e077c8cdd|contextual proximity|2
implications|motion|8877dd31f08047e99c12625e077c8cdd,8877dd31f08047e99c12625e077c8cdd,8877dd31f08047e99c12625e077c8cdd,8877dd31f08047e99c12625e077c8cdd|contextual proximity|4
implications|rna molecule|8877dd31f08047e99c12625e077c8cdd,8877dd31f08047e99c12625e077c8cdd|contextual proximity|2
implications|subdiffusive|8877dd31f08047e99c12625e077c8cdd,8877dd31f08047e99c12625e077c8cdd,8877dd31f08047e99c12625e077c8cdd|contextual proximity|3
individual fluorescently labeled mrna molecules|anomalous diffusion|8877dd31f08047e99c12625e077c8cdd,8877dd31f08047e99c12625e077c8cdd|contextual proximity|2
individual fluorescently labeled mrna molecules|motion|8877dd31f08047e99c12625e077c8cdd,8877dd31f08047e99c12625e077c8cdd,8877dd31f08047e99c12625e077c8cdd,8877dd31f08047e99c12625e077c8cdd|contextual proximity|4
individual fluorescently labeled mrna molecules|rna molecule|8877dd31f08047e99c12625e077c8cdd,8877dd31f08047e99c12625e077c8cdd|contextual proximity|2
individual fluorescently labeled mrna molecules|subdiffusive|8877dd31f08047e99c12625e077c8cdd,8877dd31f08047e99c12625e077c8cdd,8877dd31f08047e99c12625e077c8cdd|contextual proximity|3
known e. coli regulatory interactions|clr algorithm|0ba7957c0cd34c9c931b23e3ebe98234,0ba7957c0cd34c9c931b23e3ebe98234,0ba7957c0cd34c9c931b23e3ebe98234|contextual proximity|3
known e. coli regulatory interactions|global performance|0ba7957c0cd34c9c931b23e3ebe98234,0ba7957c0cd34c9c931b23e3ebe98234,0ba7957c0cd34c9c931b23e3ebe98234|contextual proximity|3
known e. coli regulatory interactions|machine learning approaches|0ba7957c0cd34c9c931b23e3ebe98234,0ba7957c0cd34c9c931b23e3ebe98234|contextual proximity|2
known e. coli regulatory interactions|regulondb|0ba7957c0cd34c9c931b23e3ebe98234,0ba7957c0cd34c9c931b23e3ebe98234|contextual proximity|2
machine learning approaches|affymetrix arrays|0ba7957c0cd34c9c931b23e3ebe98234,0ba7957c0cd34c9c931b23e3ebe98234|contextual proximity|2
machine learning approaches|central metabolic control of iron transport|0ba7957c0cd34c9c931b23e3ebe98234,0ba7957c0cd34c9c931b23e3ebe98234|contextual proximity|2
machine learning approaches|chromatin immunoprecipitation|0ba7957c0cd34c9c931b23e3ebe98234,0ba7957c0cd34c9c931b23e3ebe98234|contextual proximity|2
machine learning approaches|clr algorithm|0ba7957c0cd34c9c931b23e3ebe98234,0ba7957c0cd34c9c931b23e3ebe98234,0ba7957c0cd34c9c931b23e3ebe98234,0ba7957c0cd34c9c931b23e3ebe98234,0ba7957c0cd34c9c931b23e3ebe98234,0ba7957c0cd34c9c931b23e3ebe98234|contextual proximity|6
machine learning approaches|escherichia coli|0ba7957c0cd34c9c931b23e3ebe98234,0ba7957c0cd34c9c931b23e3ebe98234|contextual proximity|2
machine learning approaches|four existing classes of inference algorithms|0ba7957c0cd34c9c931b23e3ebe98234,0ba7957c0cd34c9c931b23e3ebe98234|contextual proximity|2
machine learning approaches|global performance|0ba7957c0cd34c9c931b23e3ebe98234,0ba7957c0cd34c9c931b23e3ebe98234,0ba7957c0cd34c9c931b23e3ebe98234,0ba7957c0cd34c9c931b23e3ebe98234,0ba7957c0cd34c9c931b23e3ebe98234,0ba7957c0cd34c9c931b23e3ebe98234,0ba7957c0cd34c9c931b23e3ebe98234|Assessing the global performance of four existing classes of inference algorithms using 445 Escherichia coli Affymetrix arrays and 3,216 known E. coli regulatory interactions from RegulonDB.,contextual proximity|10
machine learning approaches|known e. coli regulatory interactions|0ba7957c0cd34c9c931b23e3ebe98234,0ba7957c0cd34c9c931b23e3ebe98234|contextual proximity|2
machine learning approaches|performance estimates|0ba7957c0cd34c9c931b23e3ebe98234,0ba7957c0cd34c9c931b23e3ebe98234|contextual proximity|2
machine learning approaches|precision gain|0ba7957c0cd34c9c931b23e3ebe98234,0ba7957c0cd34c9c931b23e3ebe98234|contextual proximity|2
machine learning approaches|regulatory link|0ba7957c0cd34c9c931b23e3ebe98234,0ba7957c0cd34c9c931b23e3ebe98234|contextual proximity|2
machine learning approaches|regulondb|0ba7957c0cd34c9c931b23e3ebe98234,0ba7957c0cd34c9c931b23e3ebe98234,0ba7957c0cd34c9c931b23e3ebe98234,0ba7957c0cd34c9c931b23e3ebe98234|contextual proximity|4
machine learning approaches|systematically identify transcriptional regulatory interactions|0ba7957c0cd34c9c931b23e3ebe98234,0ba7957c0cd34c9c931b23e3ebe98234,0ba7957c0cd34c9c931b23e3ebe98234|Offer the potential to systematically identify transcriptional regulatory interactions from a compendium of microarray expression profiles.,contextual proximity|6
machine learning approaches|three transcription factors|0ba7957c0cd34c9c931b23e3ebe98234,0ba7957c0cd34c9c931b23e3ebe98234|contextual proximity|2
machine learning approaches|true positive rate|0ba7957c0cd34c9c931b23e3ebe98234,0ba7957c0cd34c9c931b23e3ebe98234|contextual proximity|2
macromolecular crowding|anomalous diffusion|8877dd31f08047e99c12625e077c8cdd,8877dd31f08047e99c12625e077c8cdd|contextual proximity|2
macromolecular crowding|motion|8877dd31f08047e99c12625e077c8cdd,8877dd31f08047e99c12625e077c8cdd,8877dd31f08047e99c12625e077c8cdd,8877dd31f08047e99c12625e077c8cdd|contextual proximity|4
macromolecular crowding|rna molecule|8877dd31f08047e99c12625e077c8cdd,8877dd31f08047e99c12625e077c8cdd,8877dd31f08047e99c12625e077c8cdd|we are able to examine the possible mechanisms that can lead to this unique type of motion, especially the effect of macromolecular crowding.,contextual proximity|6
macromolecular crowding|subdiffusive|8877dd31f08047e99c12625e077c8cdd,8877dd31f08047e99c12625e077c8cdd,8877dd31f08047e99c12625e077c8cdd|contextual proximity|3
members of multiprotein complexes|produced in precise proportion to their stoichiometry|5d34939023dd4f519d9a0858cc7ab949|Members of multiprotein complexes are made in precise proportion to their stoichiometry,|4
methionine biosynthesis|balances production cost with activity requirements|5d34939023dd4f519d9a0858cc7ab949|How a metabolic pathway (methionine biosynthesis) balances production cost with activity requirements,|4
microarray data|adenine stimulation|4d4cb55dfed145eeb3da4a9000f8e932,4d4cb55dfed145eeb3da4a9000f8e932,4d4cb55dfed145eeb3da4a9000f8e932|Adenine stimulation led to changes in transcript level of about 10% of Escherichia coli genes, including the purine biosynthesis pathway.,contextual proximity|6
microarray data|purr|4d4cb55dfed145eeb3da4a9000f8e932,4d4cb55dfed145eeb3da4a9000f8e932,4d4cb55dfed145eeb3da4a9000f8e932|contextual proximity|3
motion|anomalous diffusion|8877dd31f08047e99c12625e077c8cdd,8877dd31f08047e99c12625e077c8cdd,8877dd31f08047e99c12625e077c8cdd,8877dd31f08047e99c12625e077c8cdd,8877dd31f08047e99c12625e077c8cdd,8877dd31f08047e99c12625e077c8cdd,8877dd31f08047e99c12625e077c8cdd,8877dd31f08047e99c12625e077c8cdd|contextual proximity|8
motion|bacterial gene regulation|8877dd31f08047e99c12625e077c8cdd,8877dd31f08047e99c12625e077c8cdd,8877dd31f08047e99c12625e077c8cdd,8877dd31f08047e99c12625e077c8cdd|contextual proximity|4
motion|cytoskeletal elements|8877dd31f08047e99c12625e077c8cdd,8877dd31f08047e99c12625e077c8cdd,8877dd31f08047e99c12625e077c8cdd,8877dd31f08047e99c12625e077c8cdd|contextual proximity|4
motion|e. coli cells|8877dd31f08047e99c12625e077c8cdd,8877dd31f08047e99c12625e077c8cdd,8877dd31f08047e99c12625e077c8cdd,8877dd31f08047e99c12625e077c8cdd,8877dd31f08047e99c12625e077c8cdd|We track the motion of individual fluorescently labeled mRNA molecules inside live E. coli cells.,contextual proximity|8
motion|exponent|8877dd31f08047e99c12625e077c8cdd,8877dd31f08047e99c12625e077c8cdd,8877dd31f08047e99c12625e077c8cdd,8877dd31f08047e99c12625e077c8cdd|contextual proximity|4
motion|implications|8877dd31f08047e99c12625e077c8cdd,8877dd31f08047e99c12625e077c8cdd,8877dd31f08047e99c12625e077c8cdd,8877dd31f08047e99c12625e077c8cdd|contextual proximity|4
motion|individual fluorescently labeled mrna molecules|8877dd31f08047e99c12625e077c8cdd,8877dd31f08047e99c12625e077c8cdd,8877dd31f08047e99c12625e077c8cdd,8877dd31f08047e99c12625e077c8cdd,8877dd31f08047e99c12625e077c8cdd|We track the motion of individual fluorescently labeled mRNA molecules inside live E. coli cells.,contextual proximity|8
motion|macromolecular crowding|8877dd31f08047e99c12625e077c8cdd,8877dd31f08047e99c12625e077c8cdd,8877dd31f08047e99c12625e077c8cdd,8877dd31f08047e99c12625e077c8cdd|contextual proximity|4
motion|rna molecule|8877dd31f08047e99c12625e077c8cdd,8877dd31f08047e99c12625e077c8cdd,8877dd31f08047e99c12625e077c8cdd,8877dd31f08047e99c12625e077c8cdd,8877dd31f08047e99c12625e077c8cdd,8877dd31f08047e99c12625e077c8cdd,8877dd31f08047e99c12625e077c8cdd,8877dd31f08047e99c12625e077c8cdd|contextual proximity|8
motion|subdiffusive|8877dd31f08047e99c12625e077c8cdd,8877dd31f08047e99c12625e077c8cdd,8877dd31f08047e99c12625e077c8cdd,8877dd31f08047e99c12625e077c8cdd,8877dd31f08047e99c12625e077c8cdd,8877dd31f08047e99c12625e077c8cdd,8877dd31f08047e99c12625e077c8cdd,8877dd31f08047e99c12625e077c8cdd,8877dd31f08047e99c12625e077c8cdd,8877dd31f08047e99c12625e077c8cdd,8877dd31f08047e99c12625e077c8cdd,8877dd31f08047e99c12625e077c8cdd|contextual proximity|12
mrna decay|adenine stimulation|4d4cb55dfed145eeb3da4a9000f8e932,4d4cb55dfed145eeb3da4a9000f8e932|contextual proximity|2
mrna decay|global level|4d4cb55dfed145eeb3da4a9000f8e932|Our results identify previously unsuspected features of mRNA decay at a global level, indicating that generalizations about decay derived from the study of individual gene transcripts may have limited applicability.|4
mrna decay|purr|4d4cb55dfed145eeb3da4a9000f8e932,4d4cb55dfed145eeb3da4a9000f8e932,4d4cb55dfed145eeb3da4a9000f8e932|contextual proximity|3
mrna decay in escherichia coli|factors affecting mrna decay in e. coli|b264563f868749cc8c6640c8bf7e584a|The information available about factors affecting mRNA decay in E. Coli has been gleaned from studying less than 25 of the approximately 4,300 predicted E. Coli messages, which highlights the need to investigate these factors more broadly.|4
nucleotide excision repair|dna damage|f2ed5f535cd54c5f906a532ca97d86de|In nucleotide excision repair, DNA damage is removed through incision of the damaged strand on both sides of the lesion.|4
nucleotide excision repair|excision repair|f2ed5f535cd54c5f906a532ca97d86de,f2ed5f535cd54c5f906a532ca97d86de,f2ed5f535cd54c5f906a532ca97d86de,f2ed5f535cd54c5f906a532ca97d86de,f2ed5f535cd54c5f906a532ca97d86de,f2ed5f535cd54c5f906a532ca97d86de,f2ed5f535cd54c5f906a532ca97d86de,f2ed5f535cd54c5f906a532ca97d86de,f2ed5f535cd54c5f906a532ca97d86de,f2ed5f535cd54c5f906a532ca97d86de|contextual proximity|10
performance estimates|clr algorithm|0ba7957c0cd34c9c931b23e3ebe98234,0ba7957c0cd34c9c931b23e3ebe98234,0ba7957c0cd34c9c931b23e3ebe98234|contextual proximity|3
performance estimates|global performance|0ba7957c0cd34c9c931b23e3ebe98234,0ba7957c0cd34c9c931b23e3ebe98234,0ba7957c0cd34c9c931b23e3ebe98234|contextual proximity|3
performance estimates|machine learning approaches|0ba7957c0cd34c9c931b23e3ebe98234,0ba7957c0cd34c9c931b23e3ebe98234|contextual proximity|2
performance estimates|regulondb|0ba7957c0cd34c9c931b23e3ebe98234,0ba7957c0cd34c9c931b23e3ebe98234|contextual proximity|2
precise measures of rates of biomolecule production|proteins-the direct effectors of biological processes|5d34939023dd4f519d9a0858cc7ab949|Quantitative views of cellular functions require precise measures of rates of biomolecule production, especially proteins-the direct effectors of biological processes.|4
precision gain|clr algorithm|0ba7957c0cd34c9c931b23e3ebe98234,0ba7957c0cd34c9c931b23e3ebe98234,0ba7957c0cd34c9c931b23e3ebe98234|contextual proximity|3
precision gain|global performance|0ba7957c0cd34c9c931b23e3ebe98234,0ba7957c0cd34c9c931b23e3ebe98234,0ba7957c0cd34c9c931b23e3ebe98234|contextual proximity|3
precision gain|machine learning approaches|0ba7957c0cd34c9c931b23e3ebe98234,0ba7957c0cd34c9c931b23e3ebe98234|contextual proximity|2
precision gain|regulondb|0ba7957c0cd34c9c931b23e3ebe98234,0ba7957c0cd34c9c931b23e3ebe98234|contextual proximity|2
purine metabolism|adenine stimulation|4d4cb55dfed145eeb3da4a9000f8e932,4d4cb55dfed145eeb3da4a9000f8e932|contextual proximity|2
purine metabolism|purr|4d4cb55dfed145eeb3da4a9000f8e932,4d4cb55dfed145eeb3da4a9000f8e932,4d4cb55dfed145eeb3da4a9000f8e932|contextual proximity|3
purr|56 genes|4d4cb55dfed145eeb3da4a9000f8e932,4d4cb55dfed145eeb3da4a9000f8e932,4d4cb55dfed145eeb3da4a9000f8e932|contextual proximity|3
purr|adenine stimulation|4d4cb55dfed145eeb3da4a9000f8e932,4d4cb55dfed145eeb3da4a9000f8e932,4d4cb55dfed145eeb3da4a9000f8e932,4d4cb55dfed145eeb3da4a9000f8e932,4d4cb55dfed145eeb3da4a9000f8e932,4d4cb55dfed145eeb3da4a9000f8e932|contextual proximity|6
purr|e. coli strain lacking the purr gene|4d4cb55dfed145eeb3da4a9000f8e932,4d4cb55dfed145eeb3da4a9000f8e932,4d4cb55dfed145eeb3da4a9000f8e932|contextual proximity|3
purr|functions and size|4d4cb55dfed145eeb3da4a9000f8e932,4d4cb55dfed145eeb3da4a9000f8e932,4d4cb55dfed145eeb3da4a9000f8e932,4d4cb55dfed145eeb3da4a9000f8e932|Compared to the functional diversity of the regulon of the other general transcription factors in E. coli, the functions and size of the PurR regulon are limited.,contextual proximity|7
purr|global level|4d4cb55dfed145eeb3da4a9000f8e932,4d4cb55dfed145eeb3da4a9000f8e932,4d4cb55dfed145eeb3da4a9000f8e932|contextual proximity|3
purr|microarray data|4d4cb55dfed145eeb3da4a9000f8e932,4d4cb55dfed145eeb3da4a9000f8e932,4d4cb55dfed145eeb3da4a9000f8e932|contextual proximity|3
purr|mrna decay|4d4cb55dfed145eeb3da4a9000f8e932,4d4cb55dfed145eeb3da4a9000f8e932,4d4cb55dfed145eeb3da4a9000f8e932|contextual proximity|3
purr|purine metabolism|4d4cb55dfed145eeb3da4a9000f8e932,4d4cb55dfed145eeb3da4a9000f8e932,4d4cb55dfed145eeb3da4a9000f8e932,4d4cb55dfed145eeb3da4a9000f8e932|The PurR transcription factor plays a critical role in transcriptional regulation of purine metabolism in enterobacteria.,contextual proximity|7
regulatory link|central metabolic control of iron transport|0ba7957c0cd34c9c931b23e3ebe98234|Identified a regulatory link providing central metabolic control of iron transport, which we confirmed with real-time quantitative PCR.|4
regulatory link|clr algorithm|0ba7957c0cd34c9c931b23e3ebe98234,0ba7957c0cd34c9c931b23e3ebe98234,0ba7957c0cd34c9c931b23e3ebe98234|contextual proximity|3
regulatory link|global performance|0ba7957c0cd34c9c931b23e3ebe98234,0ba7957c0cd34c9c931b23e3ebe98234,0ba7957c0cd34c9c931b23e3ebe98234|contextual proximity|3
regulatory link|machine learning approaches|0ba7957c0cd34c9c931b23e3ebe98234,0ba7957c0cd34c9c931b23e3ebe98234|contextual proximity|2
regulatory link|regulondb|0ba7957c0cd34c9c931b23e3ebe98234,0ba7957c0cd34c9c931b23e3ebe98234|contextual proximity|2
regulondb|affymetrix arrays|0ba7957c0cd34c9c931b23e3ebe98234,0ba7957c0cd34c9c931b23e3ebe98234|contextual proximity|2
regulondb|central metabolic control of iron transport|0ba7957c0cd34c9c931b23e3ebe98234,0ba7957c0cd34c9c931b23e3ebe98234|contextual proximity|2
regulondb|chromatin immunoprecipitation|0ba7957c0cd34c9c931b23e3ebe98234,0ba7957c0cd34c9c931b23e3ebe98234|contextual proximity|2
regulondb|clr algorithm|0ba7957c0cd34c9c931b23e3ebe98234,0ba7957c0cd34c9c931b23e3ebe98234,0ba7957c0cd34c9c931b23e3ebe98234,0ba7957c0cd34c9c931b23e3ebe98234,0ba7957c0cd34c9c931b23e3ebe98234,0ba7957c0cd34c9c931b23e3ebe98234|contextual proximity|6
regulondb|escherichia coli|0ba7957c0cd34c9c931b23e3ebe98234,0ba7957c0cd34c9c931b23e3ebe98234|contextual proximity|2
regulondb|four existing classes of inference algorithms|0ba7957c0cd34c9c931b23e3ebe98234,0ba7957c0cd34c9c931b23e3ebe98234|contextual proximity|2
regulondb|global performance|0ba7957c0cd34c9c931b23e3ebe98234,0ba7957c0cd34c9c931b23e3ebe98234,0ba7957c0cd34c9c931b23e3ebe98234,0ba7957c0cd34c9c931b23e3ebe98234,0ba7957c0cd34c9c931b23e3ebe98234,0ba7957c0cd34c9c931b23e3ebe98234|contextual proximity|6
regulondb|known e. coli regulatory interactions|0ba7957c0cd34c9c931b23e3ebe98234,0ba7957c0cd34c9c931b23e3ebe98234,0ba7957c0cd34c9c931b23e3ebe98234|Using 445 Escherichia coli Affymetrix arrays and 3,216 known E. Coli regulatory interactions from RegulonDB.,contextual proximity|6
regulondb|machine learning approaches|0ba7957c0cd34c9c931b23e3ebe98234,0ba7957c0cd34c9c931b23e3ebe98234,0ba7957c0cd34c9c931b23e3ebe98234,0ba7957c0cd34c9c931b23e3ebe98234|contextual proximity|4
regulondb|performance estimates|0ba7957c0cd34c9c931b23e3ebe98234,0ba7957c0cd34c9c931b23e3ebe98234,0ba7957c0cd34c9c931b23e3ebe98234|Coupled with RegulonDB, provides a valuable model system for further improvement of network inference algorithms using experimental data.,contextual proximity|6
regulondb|precision gain|0ba7957c0cd34c9c931b23e3ebe98234,0ba7957c0cd34c9c931b23e3ebe98234|contextual proximity|2
regulondb|regulatory link|0ba7957c0cd34c9c931b23e3ebe98234,0ba7957c0cd34c9c931b23e3ebe98234|contextual proximity|2
regulondb|systematically identify transcriptional regulatory interactions|0ba7957c0cd34c9c931b23e3ebe98234,0ba7957c0cd34c9c931b23e3ebe98234|contextual proximity|2
regulondb|three transcription factors|0ba7957c0cd34c9c931b23e3ebe98234,0ba7957c0cd34c9c931b23e3ebe98234|contextual proximity|2
regulondb|true positive rate|0ba7957c0cd34c9c931b23e3ebe98234,0ba7957c0cd34c9c931b23e3ebe98234|contextual proximity|2
replication protein a|excision repair|f2ed5f535cd54c5f906a532ca97d86de,f2ed5f535cd54c5f906a532ca97d86de,f2ed5f535cd54c5f906a532ca97d86de,f2ed5f535cd54c5f906a532ca97d86de,f2ed5f535cd54c5f906a532ca97d86de,f2ed5f535cd54c5f906a532ca97d86de,f2ed5f535cd54c5f906a532ca97d86de,f2ed5f535cd54c5f906a532ca97d86de,f2ed5f535cd54c5f906a532ca97d86de,f2ed5f535cd54c5f906a532ca97d86de,f2ed5f535cd54c5f906a532ca97d86de|In humans, by contrast, 16 polypeptides including seven xeroderma pigmentosum (XP) proteins and the trimric replication protein A [RPA, human single-stranded DNA binding protein (HSSB)] are required for the dual incisions.,contextual proximity|14
rna molecule|anomalous diffusion|8877dd31f08047e99c12625e077c8cdd,8877dd31f08047e99c12625e077c8cdd,8877dd31f08047e99c12625e077c8cdd,8877dd31f08047e99c12625e077c8cdd|contextual proximity|4
rna molecule|bacterial gene regulation|8877dd31f08047e99c12625e077c8cdd,8877dd31f08047e99c12625e077c8cdd|contextual proximity|2
rna molecule|cytoskeletal elements|8877dd31f08047e99c12625e077c8cdd,8877dd31f08047e99c12625e077c8cdd|contextual proximity|2
rna molecule|e. coli cells|8877dd31f08047e99c12625e077c8cdd,8877dd31f08047e99c12625e077c8cdd|contextual proximity|2
rna molecule|exponent|8877dd31f08047e99c12625e077c8cdd,8877dd31f08047e99c12625e077c8cdd|contextual proximity|2
rna molecule|implications|8877dd31f08047e99c12625e077c8cdd,8877dd31f08047e99c12625e077c8cdd|contextual proximity|2
rna molecule|individual fluorescently labeled mrna molecules|8877dd31f08047e99c12625e077c8cdd,8877dd31f08047e99c12625e077c8cdd|contextual proximity|2
rna molecule|macromolecular crowding|8877dd31f08047e99c12625e077c8cdd,8877dd31f08047e99c12625e077c8cdd|contextual proximity|2
rna molecule|motion|8877dd31f08047e99c12625e077c8cdd,8877dd31f08047e99c12625e077c8cdd,8877dd31f08047e99c12625e077c8cdd,8877dd31f08047e99c12625e077c8cdd,8877dd31f08047e99c12625e077c8cdd,8877dd31f08047e99c12625e077c8cdd,8877dd31f08047e99c12625e077c8cdd,8877dd31f08047e99c12625e077c8cdd,8877dd31f08047e99c12625e077c8cdd|By modifying the parameters of the RNA molecule and the bacterial cell,,contextual proximity|12
rna molecule|subdiffusive|8877dd31f08047e99c12625e077c8cdd,8877dd31f08047e99c12625e077c8cdd,8877dd31f08047e99c12625e077c8cdd,8877dd31f08047e99c12625e077c8cdd,8877dd31f08047e99c12625e077c8cdd,8877dd31f08047e99c12625e077c8cdd|contextual proximity|6
sp1|gc box promoter elements|3b73e1dadba44beca928325644c6a7ed|Sp1 is a protein present in mammalian cells that binds to GC box promoter elements and selectively activates mRNA synthesis from genes that contain functional recognition sites.|4
sp1|sp1 (human)|3b73e1dadba44beca928325644c6a7ed,3b73e1dadba44beca928325644c6a7ed|contextual proximity|2
sp1|sp1 (human) (c-terminal 168 amino acid residues)|3b73e1dadba44beca928325644c6a7ed,3b73e1dadba44beca928325644c6a7ed|contextual proximity|2
sp1 (human)|696 c-terminal amino acid residues|3b73e1dadba44beca928325644c6a7ed,3b73e1dadba44beca928325644c6a7ed,3b73e1dadba44beca928325644c6a7ed|We have isolated a cDNA that encodes the 696 C-terminal amino acid residues of human Sp1.,contextual proximity|6
sp1 (human)|dna|3b73e1dadba44beca928325644c6a7ed,3b73e1dadba44beca928325644c6a7ed|contextual proximity|2
sp1 (human)|e. coli|3b73e1dadba44beca928325644c6a7ed,3b73e1dadba44beca928325644c6a7ed,3b73e1dadba44beca928325644c6a7ed|By expression of truncated fragments of Sp1 in E. coli, we have localized the DNA binding activity to the C-terminal 168 amino acid residues.,contextual proximity|6
sp1 (human)|gc box promoter elements|3b73e1dadba44beca928325644c6a7ed,3b73e1dadba44beca928325644c6a7ed|contextual proximity|2
sp1 (human)|sp1|3b73e1dadba44beca928325644c6a7ed,3b73e1dadba44beca928325644c6a7ed|contextual proximity|2
sp1 (human)|sp1 (human) (c-terminal 168 amino acid residues)|3b73e1dadba44beca928325644c6a7ed,3b73e1dadba44beca928325644c6a7ed,3b73e1dadba44beca928325644c6a7ed,3b73e1dadba44beca928325644c6a7ed|contextual proximity|4
sp1 (human)|zn(ii) finger motifs|3b73e1dadba44beca928325644c6a7ed,3b73e1dadba44beca928325644c6a7ed|contextual proximity|2
sp1 (human) (c-terminal 168 amino acid residues)|696 c-terminal amino acid residues|3b73e1dadba44beca928325644c6a7ed,3b73e1dadba44beca928325644c6a7ed|contextual proximity|2
sp1 (human) (c-terminal 168 amino acid residues)|dna|3b73e1dadba44beca928325644c6a7ed,3b73e1dadba44beca928325644c6a7ed,3b73e1dadba44beca928325644c6a7ed|Purified Sp1 requires Zn(II) for sequence-specific binding to DNA. Thus, it is likely that Sp1 interacts with DNA by binding of the Zn(II) fingers.,contextual proximity|6
sp1 (human) (c-terminal 168 amino acid residues)|e. coli|3b73e1dadba44beca928325644c6a7ed,3b73e1dadba44beca928325644c6a7ed|contextual proximity|2
sp1 (human) (c-terminal 168 amino acid residues)|gc box promoter elements|3b73e1dadba44beca928325644c6a7ed,3b73e1dadba44beca928325644c6a7ed|contextual proximity|2
sp1 (human) (c-terminal 168 amino acid residues)|sp1|3b73e1dadba44beca928325644c6a7ed,3b73e1dadba44beca928325644c6a7ed|contextual proximity|2
sp1 (human) (c-terminal 168 amino acid residues)|sp1 (human)|3b73e1dadba44beca928325644c6a7ed,3b73e1dadba44beca928325644c6a7ed,3b73e1dadba44beca928325644c6a7ed,3b73e1dadba44beca928325644c6a7ed|contextual proximity|4
sp1 (human) (c-terminal 168 amino acid residues)|zn(ii) finger motifs|3b73e1dadba44beca928325644c6a7ed,3b73e1dadba44beca928325644c6a7ed,3b73e1dadba44beca928325644c6a7ed|In this region, Sp1 has three contiguous Zn(II) finger motifs.,contextual proximity|6
subdiffusive|anomalous diffusion|8877dd31f08047e99c12625e077c8cdd,8877dd31f08047e99c12625e077c8cdd,8877dd31f08047e99c12625e077c8cdd,8877dd31f08047e99c12625e077c8cdd,8877dd31f08047e99c12625e077c8cdd,8877dd31f08047e99c12625e077c8cdd|contextual proximity|6
subdiffusive|bacterial gene regulation|8877dd31f08047e99c12625e077c8cdd,8877dd31f08047e99c12625e077c8cdd,8877dd31f08047e99c12625e077c8cdd|contextual proximity|3
subdiffusive|cytoskeletal elements|8877dd31f08047e99c12625e077c8cdd,8877dd31f08047e99c12625e077c8cdd,8877dd31f08047e99c12625e077c8cdd|contextual proximity|3
subdiffusive|e. coli cells|8877dd31f08047e99c12625e077c8cdd,8877dd31f08047e99c12625e077c8cdd,8877dd31f08047e99c12625e077c8cdd|contextual proximity|3
subdiffusive|exponent|8877dd31f08047e99c12625e077c8cdd,8877dd31f08047e99c12625e077c8cdd,8877dd31f08047e99c12625e077c8cdd|contextual proximity|3
subdiffusive|implications|8877dd31f08047e99c12625e077c8cdd,8877dd31f08047e99c12625e077c8cdd,8877dd31f08047e99c12625e077c8cdd|contextual proximity|3
subdiffusive|individual fluorescently labeled mrna molecules|8877dd31f08047e99c12625e077c8cdd,8877dd31f08047e99c12625e077c8cdd,8877dd31f08047e99c12625e077c8cdd|contextual proximity|3
subdiffusive|macromolecular crowding|8877dd31f08047e99c12625e077c8cdd,8877dd31f08047e99c12625e077c8cdd,8877dd31f08047e99c12625e077c8cdd|contextual proximity|3
subdiffusive|motion|8877dd31f08047e99c12625e077c8cdd,8877dd31f08047e99c12625e077c8cdd,8877dd31f08047e99c12625e077c8cdd,8877dd31f08047e99c12625e077c8cdd,8877dd31f08047e99c12625e077c8cdd,8877dd31f08047e99c12625e077c8cdd,8877dd31f08047e99c12625e077c8cdd,8877dd31f08047e99c12625e077c8cdd,8877dd31f08047e99c12625e077c8cdd,8877dd31f08047e99c12625e077c8cdd,8877dd31f08047e99c12625e077c8cdd,8877dd31f08047e99c12625e077c8cdd,8877dd31f08047e99c12625e077c8cdd|The motion is subdiffusive,,contextual proximity|16
subdiffusive|rna molecule|8877dd31f08047e99c12625e077c8cdd,8877dd31f08047e99c12625e077c8cdd,8877dd31f08047e99c12625e077c8cdd,8877dd31f08047e99c12625e077c8cdd,8877dd31f08047e99c12625e077c8cdd,8877dd31f08047e99c12625e077c8cdd|contextual proximity|6
sunlight|excision repair|f2ed5f535cd54c5f906a532ca97d86de,f2ed5f535cd54c5f906a532ca97d86de,f2ed5f535cd54c5f906a532ca97d86de,f2ed5f535cd54c5f906a532ca97d86de,f2ed5f535cd54c5f906a532ca97d86de,f2ed5f535cd54c5f906a532ca97d86de,f2ed5f535cd54c5f906a532ca97d86de,f2ed5f535cd54c5f906a532ca97d86de,f2ed5f535cd54c5f906a532ca97d86de,f2ed5f535cd54c5f906a532ca97d86de,f2ed5f535cd54c5f906a532ca97d86de|Excision repair is an important defense mechanism against the two major carcinogens, sunlight and cigarette smoke.,contextual proximity|14
systematically identify transcriptional regulatory interactions|clr algorithm|0ba7957c0cd34c9c931b23e3ebe98234,0ba7957c0cd34c9c931b23e3ebe98234,0ba7957c0cd34c9c931b23e3ebe98234|contextual proximity|3
systematically identify transcriptional regulatory interactions|global performance|0ba7957c0cd34c9c931b23e3ebe98234,0ba7957c0cd34c9c931b23e3ebe98234,0ba7957c0cd34c9c931b23e3ebe98234|contextual proximity|3
systematically identify transcriptional regulatory interactions|machine learning approaches|0ba7957c0cd34c9c931b23e3ebe98234,0ba7957c0cd34c9c931b23e3ebe98234|contextual proximity|2
systematically identify transcriptional regulatory interactions|regulondb|0ba7957c0cd34c9c931b23e3ebe98234,0ba7957c0cd34c9c931b23e3ebe98234|contextual proximity|2
three transcription factors|chromatin immunoprecipitation|0ba7957c0cd34c9c931b23e3ebe98234|Testing the predicted interactions for three transcription factors with chromatin immunoprecipitation, confirming 21 novel interactions and verifying our RegulonDB-based performance estimates.|4
three transcription factors|clr algorithm|0ba7957c0cd34c9c931b23e3ebe98234,0ba7957c0cd34c9c931b23e3ebe98234,0ba7957c0cd34c9c931b23e3ebe98234|contextual proximity|3
three transcription factors|global performance|0ba7957c0cd34c9c931b23e3ebe98234,0ba7957c0cd34c9c931b23e3ebe98234,0ba7957c0cd34c9c931b23e3ebe98234|contextual proximity|3
three transcription factors|machine learning approaches|0ba7957c0cd34c9c931b23e3ebe98234,0ba7957c0cd34c9c931b23e3ebe98234|contextual proximity|2
three transcription factors|regulondb|0ba7957c0cd34c9c931b23e3ebe98234,0ba7957c0cd34c9c931b23e3ebe98234|contextual proximity|2
transcription|excision repair|f2ed5f535cd54c5f906a532ca97d86de,f2ed5f535cd54c5f906a532ca97d86de,f2ed5f535cd54c5f906a532ca97d86de,f2ed5f535cd54c5f906a532ca97d86de,f2ed5f535cd54c5f906a532ca97d86de,f2ed5f535cd54c5f906a532ca97d86de,f2ed5f535cd54c5f906a532ca97d86de,f2ed5f535cd54c5f906a532ca97d86de,f2ed5f535cd54c5f906a532ca97d86de,f2ed5f535cd54c5f906a532ca97d86de,f2ed5f535cd54c5f906a532ca97d86de|In humans, excision repair is an important defense mechanism against the two major carcinogens, sunlight and cigarette smoke. Individuals defective in coupling transcription to repair suffer from neurological and skeletal abnormalities.,contextual proximity|14
transcription factors|level of different types is optimized for rapid response|5d34939023dd4f519d9a0858cc7ab949|Estimates of absolute protein abundance also reveal principles for optimizing design. These include how the level of different types of transcription factors is optimized for rapid response,|4
true positive rate|clr algorithm|0ba7957c0cd34c9c931b23e3ebe98234,0ba7957c0cd34c9c931b23e3ebe98234,0ba7957c0cd34c9c931b23e3ebe98234|contextual proximity|3
true positive rate|global performance|0ba7957c0cd34c9c931b23e3ebe98234,0ba7957c0cd34c9c931b23e3ebe98234,0ba7957c0cd34c9c931b23e3ebe98234|contextual proximity|3
true positive rate|machine learning approaches|0ba7957c0cd34c9c931b23e3ebe98234,0ba7957c0cd34c9c931b23e3ebe98234|contextual proximity|2
true positive rate|regulondb|0ba7957c0cd34c9c931b23e3ebe98234,0ba7957c0cd34c9c931b23e3ebe98234|contextual proximity|2
two overlapping promoters|escherichia coli galactose operon with a defect in adenylate cyclase or the cyclic amp receptor protein|6f47d46770ae47bcb2dc98fcfeb0c34e,6f47d46770ae47bcb2dc98fcfeb0c34e|contextual proximity|2
two overlapping promoters|galactose operon|6f47d46770ae47bcb2dc98fcfeb0c34e,6f47d46770ae47bcb2dc98fcfeb0c34e,6f47d46770ae47bcb2dc98fcfeb0c34e,6f47d46770ae47bcb2dc98fcfeb0c34e|contextual proximity|4
uvra|excision repair|f2ed5f535cd54c5f906a532ca97d86de,f2ed5f535cd54c5f906a532ca97d86de,f2ed5f535cd54c5f906a532ca97d86de,f2ed5f535cd54c5f906a532ca97d86de,f2ed5f535cd54c5f906a532ca97d86de,f2ed5f535cd54c5f906a532ca97d86de,f2ed5f535cd54c5f906a532ca97d86de,f2ed5f535cd54c5f906a532ca97d86de,f2ed5f535cd54c5f906a532ca97d86de,f2ed5f535cd54c5f906a532ca97d86de,f2ed5f535cd54c5f906a532ca97d86de|Excision in Escherichia coli is accomplished by three proteins designated UvrA, UvrB, and UvrC.,contextual proximity|14
uvrb|excision repair|f2ed5f535cd54c5f906a532ca97d86de,f2ed5f535cd54c5f906a532ca97d86de,f2ed5f535cd54c5f906a532ca97d86de,f2ed5f535cd54c5f906a532ca97d86de,f2ed5f535cd54c5f906a532ca97d86de,f2ed5f535cd54c5f906a532ca97d86de,f2ed5f535cd54c5f906a532ca97d86de,f2ed5f535cd54c5f906a532ca97d86de,f2ed5f535cd54c5f906a532ca97d86de,f2ed5f535cd54c5f906a532ca97d86de,f2ed5f535cd54c5f906a532ca97d86de|Excision in Escherichia coli is accomplished by three proteins designated UvrA, UvrB, and UvrC.,contextual proximity|14
uvrc|excision repair|f2ed5f535cd54c5f906a532ca97d86de,f2ed5f535cd54c5f906a532ca97d86de,f2ed5f535cd54c5f906a532ca97d86de,f2ed5f535cd54c5f906a532ca97d86de,f2ed5f535cd54c5f906a532ca97d86de,f2ed5f535cd54c5f906a532ca97d86de,f2ed5f535cd54c5f906a532ca97d86de,f2ed5f535cd54c5f906a532ca97d86de,f2ed5f535cd54c5f906a532ca97d86de,f2ed5f535cd54c5f906a532ca97d86de,f2ed5f535cd54c5f906a532ca97d86de|Excision in Escherichia coli is accomplished by three proteins designated UvrA, UvrB, and UvrC.,contextual proximity|14
xeroderma pigmentosum (xp)|excision repair|f2ed5f535cd54c5f906a532ca97d86de,f2ed5f535cd54c5f906a532ca97d86de,f2ed5f535cd54c5f906a532ca97d86de,f2ed5f535cd54c5f906a532ca97d86de,f2ed5f535cd54c5f906a532ca97d86de,f2ed5f535cd54c5f906a532ca97d86de,f2ed5f535cd54c5f906a532ca97d86de,f2ed5f535cd54c5f906a532ca97d86de,f2ed5f535cd54c5f906a532ca97d86de,f2ed5f535cd54c5f906a532ca97d86de,f2ed5f535cd54c5f906a532ca97d86de|In humans, by contrast, 16 polypeptides including seven xeroderma pigmentosum (XP) proteins are required for the dual incisions.,contextual proximity|14
zn(ii) finger motifs|sp1 (human)|3b73e1dadba44beca928325644c6a7ed,3b73e1dadba44beca928325644c6a7ed|contextual proximity|2
zn(ii) finger motifs|sp1 (human) (c-terminal 168 amino acid residues)|3b73e1dadba44beca928325644c6a7ed,3b73e1dadba44beca928325644c6a7ed|contextual proximity|2
